{
    "accuracy": 0.9376,
    "precision": 0.9310137972405519,
    "recall": 0.9434650455927052,
    "f1_score": 0.9371980676328503
}