{
    "accuracy": 0.9391,
    "precision": 0.9289964299881,
    "recall": 0.9491388044579534,
    "f1_score": 0.9389596070963215
}