{
    "negative": {
        "precision": 0.9441888377675535,
        "recall": 0.9318854886475815,
        "f1-score": 0.9379968203497615,
        "support": 5065
    },
    "positive": {
        "precision": 0.9310137972405519,
        "recall": 0.9434650455927052,
        "f1-score": 0.9371980676328503,
        "support": 4935
    },
    "accuracy": 0.9376,
    "macro avg": {
        "precision": 0.9376013175040527,
        "recall": 0.9376752671201434,
        "f1-score": 0.937597443991306,
        "support": 10000
    },
    "weighted avg": {
        "precision": 0.9376869552674781,
        "recall": 0.9376,
        "f1-score": 0.937602635883966,
        "support": 10000
    }
}