{
    "0": {
        "precision": 0.8989751098096632,
        "recall": 0.8700404858299595,
        "f1-score": 0.8842711655179508,
        "support": 4940.0
    },
    "1": {
        "precision": 0.875,
        "recall": 0.9029535864978903,
        "f1-score": 0.8887570453871255,
        "support": 4977.0
    },
    "accuracy": 0.8865584350105878,
    "macro avg": {
        "precision": 0.8869875549048316,
        "recall": 0.8864970361639248,
        "f1-score": 0.8865141054525382,
        "support": 9917.0
    },
    "weighted avg": {
        "precision": 0.8869428297327555,
        "recall": 0.8865584350105878,
        "f1-score": 0.8865224737874762,
        "support": 9917.0
    }
}