{
    "accuracy": 0.8865584350105878,
    "precision": 0.875,
    "recall": 0.9029535864978903,
    "f1_score": 0.8887570453871255
}