{
    "accuracy": 0.892507814863366,
    "precision": 0.8863860897055917,
    "recall": 0.901346192485433,
    "f1_score": 0.8938035465232118
}