{
    "0": {
        "precision": 0.8988879736408567,
        "recall": 0.8836032388663968,
        "f1-score": 0.8911800734993875,
        "support": 4940.0
    },
    "1": {
        "precision": 0.8863860897055917,
        "recall": 0.901346192485433,
        "f1-score": 0.8938035465232118,
        "support": 4977.0
    },
    "accuracy": 0.892507814863366,
    "macro avg": {
        "precision": 0.8926370316732242,
        "recall": 0.892474715675915,
        "f1-score": 0.8924918100112997,
        "support": 9917.0
    },
    "weighted avg": {
        "precision": 0.8926137096148595,
        "recall": 0.892507814863366,
        "f1-score": 0.8924967040569728,
        "support": 9917.0
    }
}