{
    "0": {
        "precision": 0.8609443777511004,
        "recall": 0.8710526315789474,
        "f1-score": 0.8659690078486617,
        "support": 4940.0
    },
    "1": {
        "precision": 0.8705021345801992,
        "recall": 0.8603576451677718,
        "f1-score": 0.8654001616814875,
        "support": 4977.0
    },
    "accuracy": 0.865685187052536,
    "macro avg": {
        "precision": 0.8657232561656498,
        "recall": 0.8657051383733596,
        "f1-score": 0.8656845847650746,
        "support": 9917.0
    },
    "weighted avg": {
        "precision": 0.8657410860034372,
        "recall": 0.865685187052536,
        "f1-score": 0.8656835235919283,
        "support": 9917.0
    }
}