{
    "accuracy": 0.865685187052536,
    "precision": 0.8705021345801992,
    "recall": 0.8603576451677718,
    "f1_score": 0.8654001616814875
}